id;created_at
"10073";"2017-10-24 16:02:35"
"100740073";"2017-10-06 18:47:59"
"1007410024";"2017-10-06 18:47:59"
"1007420097";"2017-10-24 16:01:36"
"1007450085";"2017-10-06 18:47:04"
"1007460048";"2017-10-26 08:17:13"
"1007470019";"2017-10-24 16:01:49"
"1007480073";"2017-10-26 16:23:07"
"1007490036";"2017-10-06 18:47:59"
"1007500015";"2017-10-05 20:02:12"
"1007510088";"2017-10-25 21:24:21"
"1007520041";"2017-10-05 20:02:12"
"1007530011";"2017-10-05 20:02:12"
"1007540076";"2017-10-05 20:02:12"
"1007550039";"2017-10-06 18:47:04"
"1007560000";"2017-10-24 16:02:35"
"1007570064";"2017-10-24 16:02:19"
"1007580027";"2017-10-06 18:47:59"
"1007590090";"2017-10-31 12:46:22"
"1007600079";"2017-10-06 18:47:59"
"1007620002";"2017-10-25 14:44:05"
"1007630067";"2017-10-05 20:03:45"
"1007660055";"2017-10-24 16:02:14"
"1007670018";"2017-10-06 18:47:59"
"1007680081";"2017-10-31 15:45:39"
"1007690043";"2017-10-06 18:47:59"
"1007700022";"2017-11-03 15:57:02"
"1007710095";"2017-10-06 18:47:59"
"1007720058";"2017-10-24 16:02:38"
"1007730011";"2017-10-24 16:02:01"
"1007740083";"2017-10-24 16:02:15"
"1007750046";"2017-10-24 16:01:23"
"1007760017";"2017-10-24 16:01:26"
"1007770071";"2017-10-24 16:01:37"
"1007780034";"2017-10-29 10:02:59"
"1007790005";"2017-10-05 20:02:12"
"1007800086";"2017-10-06 18:47:59"
"1007810049";"2017-10-05 20:03:45"
"1007820010";"2017-10-31 13:20:00"
"1007830074";"2017-10-06 18:47:59"
"1007840037";"2017-10-26 16:06:10"
"1007850008";"2017-10-13 07:59:45"
"1007860062";"2017-10-13 11:59:25"
"1007870025";"2017-10-06 18:47:59"
"1007880098";"2017-10-24 16:02:23"
"1007890051";"2017-10-26 09:13:05"
"1007900030";"2017-10-24 16:02:28"
"1007910001";"2017-10-24 16:02:28"
"1007920065";"2017-10-06 18:47:59"
"1007930028";"2017-10-06 18:47:59"
"1007940091";"2017-10-06 18:47:59"
"1007950053";"2017-10-06 18:47:59"
"1007960016";"2017-10-05 20:02:12"
"1007970089";"2017-10-24 16:01:26"
"1007980041";"2017-10-05 20:02:12"
"1007990012";"2017-10-06 18:47:59"
"1008000091";"2017-10-24 16:01:40"
"1008010054";"2017-10-05 20:02:12"
"1008020017";"2017-10-06 18:47:59"
"1008030080";"2017-10-24 16:02:06"
"1008040042";"2017-10-05 20:02:12"
"1008050013";"2017-10-24 16:02:04"
"1008060078";"2017-10-06 18:47:59"
"1008070031";"2017-10-06 18:47:59"
"1008080001";"2017-10-06 18:47:59"
"1008090066";"2017-10-06 18:47:04"
"1008100045";"2017-10-05 20:02:12"
"1008110016";"2017-10-24 16:01:26"
"1008120071";"2017-10-05 20:02:12"
"1008130033";"2017-10-05 20:03:45"
"1008140004";"2017-10-24 16:02:08"
"1008150069";"2017-10-06 18:47:59"
"1008160021";"2017-10-24 16:01:28"
"1008170094";"2017-10-06 18:47:59"
"1008180057";"2017-10-06 18:47:59"
"1008190010";"2017-10-06 17:22:07"
"1008200007";"2017-10-05 20:02:12"
"1008210061";"2017-10-06 18:47:59"
"1008220024";"2017-10-24 16:02:00"
"1008230097";"2017-10-24 16:02:15"
"1008240050";"2017-10-05 20:02:12"
"1008250012";"2017-10-06 18:47:59"
"1008260085";"2017-10-24 16:02:39"
"1008270048";"2017-10-24 16:01:34"
"1008280019";"2017-10-25 21:33:59"
"1008290073";"2017-10-24 16:02:27"
"1008300052";"2017-10-05 20:02:12"
"1008310015";"2017-10-24 16:01:59"
"1008320088";"2017-10-24 16:01:33"
"1008330041";"2017-10-06 18:47:59"
"1008340011";"2017-10-24 16:02:06"
"1008350076";"2017-10-05 20:02:12"
"1008360039";"2017-10-06 18:47:04"
"1008370000";"2017-10-24 16:01:44"
"1008380064";"2017-10-06 18:47:59"
"1008390027";"2017-10-06 18:47:59"
"1008400014";"2017-10-24 16:01:22"
"1008410079";"2017-10-24 16:02:28"
"1008420031";"2017-10-24 16:01:37"
"1008430002";"2017-10-06 18:47:59"
"1008440067";"2017-10-05 20:02:12"
"1008450020";"2017-10-24 16:01:32"
"1008460092";"2017-10-24 16:01:33"
"1008470055";"2017-10-05 20:02:12"
"1008480018";"2017-10-06 18:47:59"
"1008490081";"2017-10-24 16:01:55"
"1008500060";"2017-10-24 16:01:35"
"1008510022";"2017-10-24 16:01:41"
"1008520095";"2017-10-05 20:02:12"
"1008530058";"2017-10-06 18:47:59"
"1008540011";"2017-10-24 16:01:57"
"1008550083";"2017-10-06 18:47:59"
"1008560046";"2017-10-05 20:02:12"
"1008570017";"2017-10-05 20:02:12"
"1008580071";"2017-10-24 16:01:53"
"1008590034";"2017-10-05 20:02:12"
"1008600013";"2017-10-05 20:02:12"
"1008610086";"2017-10-06 18:47:59"
"1008620049";"2017-10-24 16:01:56"
"1008630010";"2017-10-05 20:02:12"
"1008640074";"2017-10-27 11:24:53"
"1008650037";"2017-10-06 18:47:59"
"1008660008";"2017-10-06 18:47:59"
"1008670062";"2017-10-06 18:47:59"
"1008680025";"2017-10-24 16:02:33"
"1008690098";"2017-10-24 16:01:32"
"1008700077";"2017-10-06 18:47:59"
"1008710030";"2017-10-24 16:02:03"
"1008720001";"2017-10-06 18:47:59"
"1008730065";"2017-10-24 16:02:19"
"1008740028";"2017-10-06 18:47:59"
"1008750091";"2017-10-24 16:02:11"
"1008760053";"2017-10-24 16:02:09"
"1008770016";"2017-10-24 16:01:54"
"1008780089";"2017-10-06 18:47:59"
"1008790041";"2017-10-26 12:55:24"
"1008800021";"2017-10-06 18:47:59"
"1008810093";"2017-10-24 16:01:38"
"1008820056";"2017-10-06 18:47:59"
"1008830019";"2017-10-06 18:47:59"
"1008840081";"2017-10-24 16:02:00"
"1008850044";"2017-10-05 20:02:12"
"1008860015";"2017-10-24 16:01:46"
"1008870070";"2017-10-24 16:01:59"
"1008880032";"2017-10-24 16:01:46"
"1008890003";"2017-10-06 18:47:59"
"1008900084";"2017-10-24 16:01:47"
"1008910047";"2017-10-06 18:47:59"
"1008920018";"2017-10-24 16:01:48"
"1008930072";"2017-10-06 18:47:59"
"1008940035";"2017-10-06 18:47:59"
"1008950006";"2017-10-05 20:02:12"
"1008960061";"2017-10-05 20:02:12"
"1008970023";"2017-10-24 16:01:57"
"1008980096";"2017-10-06 18:47:59"
"1008990059";"2017-10-24 16:01:58"
"1009000036";"2017-10-24 16:01:45"
"1009010007";"2017-10-06 18:47:59"
"1009020061";"2017-10-24 16:02:11"
"1009030024";"2017-10-24 16:01:46"
"1009040097";"2017-10-06 18:47:59"
"1009050050";"2017-10-31 10:28:09"
"1009060012";"2017-10-06 18:47:59"
"1009070085";"2017-11-03 16:29:15"
"1009090019";"2017-10-24 16:01:52"
"1009100090";"2017-10-06 18:47:59"
"1009110052";"2017-10-24 16:01:45"
"1009120015";"2017-10-24 16:01:59"
"1009130088";"2017-10-05 20:02:12"
"1009150011";"2017-10-06 18:47:59"
"1009160076";"2017-10-06 18:47:59"
"1009180000";"2017-10-05 20:03:45"
"1009190064";"2017-10-24 16:01:59"
"1009200043";"2017-10-06 18:47:59"
"1009210014";"2017-10-06 18:47:59"
"1009220079";"2017-10-24 16:01:52"
"1009230031";"2017-10-24 16:01:56"
"1009240002";"2017-10-05 20:02:12"
"1009250067";"2017-10-11 17:54:35"
"1009260020";"2017-10-05 20:02:12"
"1009270092";"2017-10-24 16:01:57"
"1009280055";"2017-10-24 16:01:53"
"1009290018";"2017-10-06 18:47:59"
"1009300005";"2017-10-24 16:01:56"
"1009310060";"2017-10-24 16:01:30"
"1009320022";"2017-10-05 20:03:45"
"1009330095";"2017-10-24 16:01:55"
"1009340058";"2017-10-24 16:01:46"
"1009350011";"2017-10-06 18:47:59"
"1009360083";"2017-10-06 18:47:59"
"1009370046";"2017-10-05 20:02:12"
"1009380017";"2017-10-24 16:01:57"
"1009390071";"2017-10-24 16:01:52"
"1009400051";"2017-10-06 18:47:59"
"1009410013";"2017-10-06 18:47:59"
"1009420086";"2017-10-06 18:47:59"
"1009430049";"2017-10-24 16:01:54"
"1009440010";"2017-10-19 10:54:00"
"1009450074";"2017-10-24 16:02:21"
"1009460037";"2017-10-06 18:47:59"
"1009470008";"2017-10-06 18:47:59"
"1009480062";"2017-10-24 16:01:55"
"1009490025";"2017-10-24 16:02:24"
"1009500012";"2017-10-05 20:03:45"
"1009510077";"2017-10-24 16:01:44"
"1009520030";"2017-10-24 16:01:56"
"1009530001";"2017-10-06 18:47:59"
"1009540065";"2017-10-06 18:47:59"
"1009550028";"2017-10-06 18:47:04"
"1009560091";"2017-10-27 15:55:57"
"1009570053";"2017-10-05 20:02:12"
"1009580016";"2017-10-19 11:06:57"
"1009590089";"2017-10-06 18:47:59"
"1009600068";"2017-10-05 20:03:45"
"1009610021";"2017-10-06 18:47:59"
"1009620093";"2017-10-24 16:01:33"
"1009630056";"2017-10-06 18:47:59"
"1009640019";"2017-10-05 20:02:12"
"1009650081";"2017-10-24 16:01:51"
"1009660044";"2017-10-24 16:01:51"
"1009670015";"2017-10-24 16:01:51"
"1009680070";"2017-10-06 18:47:04"
"1009690032";"2017-10-24 16:01:52"
"1009700011";"2017-10-25 22:33:32"
"1009710084";"2017-10-24 16:01:31"
"1009720047";"2017-10-05 20:02:12"
"1009730018";"2017-10-24 16:01:52"
"1009740072";"2017-10-06 18:47:59"
"1009750035";"2017-10-05 20:02:12"
"1009760006";"2017-10-05 20:02:12"
"1009770061";"2017-10-24 16:01:42"
"1009780023";"2017-10-05 20:02:12"
"1009790096";"2017-10-24 16:01:49"
"1009800075";"2017-10-05 20:02:12"
"1009810038";"2017-10-24 16:01:42"
"1009820009";"2017-10-24 16:01:43"
"1009830063";"2017-10-24 16:01:43"
"1009840026";"2017-10-24 16:01:44"
"1009850099";"2017-10-05 20:02:12"
"1009860051";"2017-10-24 16:01:53"
"1009870014";"2017-10-24 16:01:43"
"1009880087";"2017-10-24 16:01:52"
"1009890040";"2017-10-24 16:01:41"
"1009900029";"2017-10-05 20:02:12"
"1009910091";"2017-10-25 20:54:23"
"1009920054";"2017-10-24 16:01:50"
"1009930017";"2017-10-05 20:02:12"
"1009940080";"2017-10-24 16:01:40"
"1009950042";"2017-10-24 16:01:49"
"1009960013";"2017-10-05 20:02:12"
"1009970078";"2017-10-05 20:02:12"
"1009980031";"2017-10-24 16:01:49"
"1009990001";"2017-10-24 16:01:40"
"1010000061";"2017-10-05 20:02:12"
"1010010023";"2017-10-24 16:01:50"
"1010020096";"2017-10-24 16:01:39"
"1010030059";"2017-10-24 16:01:40"
"1010040011";"2017-10-24 16:01:39"
"1010050084";"2017-10-24 16:01:40"
"1010060047";"2017-10-24 16:01:39"
"1010070018";"2017-10-24 16:01:35"
"1010080072";"2017-10-05 20:02:12"
"1010090035";"2017-10-24 16:01:36"
"1010100014";"2017-10-25 08:37:15"
"1010120040";"2017-10-24 16:01:46"
"1010130011";"2017-10-24 16:02:15"
"1010140075";"2017-10-24 16:02:03"
"1010150038";"2017-10-24 16:02:25"
"1010160009";"2017-10-24 16:02:04"
"1010170063";"2017-10-24 16:01:36"
"1010180026";"2017-11-02 20:18:56"
"1010190099";"2017-10-24 16:01:59"
"1010200078";"2017-10-05 20:02:12"
"1010210031";"2017-11-01 15:30:20"
"1010220001";"2017-10-06 18:47:59"
"1010230066";"2017-10-24 16:01:36"
"1010240029";"2017-10-05 20:02:12"
"1010250091";"2017-10-05 20:02:12"
"1010260054";"2017-10-24 16:02:17"
"1010270017";"2017-10-05 20:02:12"
"1010280080";"2017-10-24 16:02:32"
"1010290042";"2017-11-03 10:01:30"
"1010300021";"2017-10-24 16:01:47"
"1010310094";"2017-10-05 20:02:12"
"1010320057";"2017-10-28 07:30:30"
"1010330010";"2017-10-24 16:01:28"
"1010340082";"2017-10-06 18:47:04"
"1010350045";"2017-10-24 16:01:46"
"1010360016";"2017-10-05 20:02:12"
"1010370071";"2017-10-05 20:02:12"
"1010380033";"2017-10-06 18:47:04"
"1010390004";"2017-10-24 16:01:46"
"1010400085";"2017-10-06 18:47:59"
"1010410048";"2017-10-05 20:02:12"
"1010420019";"2017-10-05 20:02:12"
"1010430073";"2017-10-24 16:01:51"
"1010440036";"2017-10-24 16:01:22"
"1010450007";"2017-10-24 16:01:31"
"1010460061";"2017-10-24 16:02:12"
"1010470024";"2017-10-06 18:47:04"
"1010480097";"2017-10-24 16:02:31"
"1010490050";"2017-10-05 20:02:12"
"1010500039";"2017-10-24 16:02:34"
"1010510000";"2017-10-06 18:47:04"
"1010520064";"2017-10-24 16:01:24"
"1010530027";"2017-10-06 18:47:04"
"1010540090";"2017-10-24 16:01:56"
"1010550052";"2017-10-24 16:01:23"
"1010560015";"2017-10-06 18:47:04"
"1010570088";"2017-10-24 16:02:17"
"1010580041";"2017-10-24 16:01:23"
"1010590011";"2017-10-24 16:01:28"
"1010600092";"2017-10-30 09:29:45"
"1010610055";"2017-10-05 20:02:12"
"1010620018";"2017-10-24 16:01:25"
"1010630081";"2017-11-01 15:18:36"
"1010640043";"2017-10-06 18:47:04"
"1010650014";"2017-10-24 16:01:26"
"1010660079";"2017-10-05 20:02:12"
"1010670031";"2017-10-26 13:48:47"
"1010680002";"2017-10-06 18:47:04"
"1010690067";"2017-10-06 18:47:04"
"1010700046";"2017-10-05 20:02:12"
"1010710017";"2017-10-24 16:01:27"
"1010720071";"2017-10-24 16:01:32"
"1010730034";"2017-10-05 20:03:45"
"1010740005";"2017-10-24 16:02:37"
"1010750060";"2017-10-06 18:47:04"
"1010760022";"2017-10-06 18:47:59"
"1010770095";"2017-10-06 18:47:04"
"1010780058";"2017-10-05 20:02:12"
"1010790011";"2017-10-06 18:47:59"
"1010800008";"2017-10-06 18:47:04"
"1010810062";"2017-10-24 16:01:33"
"1010820025";"2017-10-05 20:02:12"
"1010830098";"2017-10-05 20:02:12"
"1010840051";"2017-10-31 11:37:44"
"1010850013";"2017-10-24 16:01:37"
"1010860086";"2017-10-24 16:01:32"
"1010870049";"2017-10-24 16:02:21"
"1010880010";"2017-10-06 18:47:04"
"1010890074";"2017-10-24 16:01:27"
"1010900053";"2017-10-05 20:03:45"
"1010910016";"2017-10-24 16:01:27"
"1010920089";"2017-10-06 18:47:04"
"1010930041";"2017-10-24 16:01:29"
"1010940012";"2017-10-06 18:47:59"
"1010960030";"2017-10-05 20:03:45"
"1010970001";"2017-10-24 16:01:36"
"1010980065";"2017-10-24 16:01:23"
"1010990028";"2017-10-24 16:01:25"
"1011000013";"2017-10-24 16:01:36"
"1011010078";"2017-10-05 20:02:12"
"1011020031";"2017-10-24 16:01:25"
"1011030001";"2017-10-05 20:02:12"
"1011040066";"2017-10-24 16:01:36"
"1011050029";"2017-10-24 16:01:32"
"1011060091";"2017-10-24 16:01:22"
"1011070054";"2017-10-06 18:47:59"
"1011080017";"2017-10-24 16:01:32"
"1011090080";"2017-10-24 16:01:22"
"1011100069";"2017-10-05 20:02:12"
"1011110021";"2017-10-05 20:02:12"
"1011130057";"2017-10-24 16:01:32"
"1011140010";"2017-10-25 21:38:49"
"1011150082";"2017-10-05 20:02:12"
"1011160045";"2017-10-24 21:01:33"
"1011170016";"2017-10-24 16:02:12"
"1011180071";"2017-10-05 20:02:12"
"1011190033";"2017-10-24 16:02:11"
"1011200012";"2017-10-24 16:02:16"
"1011210085";"2017-10-06 18:47:59"
"1011220048";"2017-10-24 16:01:33"
"1011230019";"2017-10-24 16:02:11"
"1011240073";"2017-10-24 16:02:16"
"1011250036";"2017-10-05 20:02:12"
"1011260007";"2017-10-24 16:02:12"
"1011270061";"2017-10-24 16:02:29"
"1011280024";"2017-10-24 16:01:34"
"1011290097";"2017-10-06 18:47:59"
"1011300076";"2017-10-24 16:02:14"
"1011310039";"2017-10-05 20:02:12"
"1011320000";"2017-10-31 17:52:30"
"1011330064";"2017-10-06 18:47:59"
"1011340027";"2017-10-24 16:01:44"
"1011350090";"2017-10-05 20:02:12"
"1011360052";"2017-10-06 18:47:59"
"1011370015";"2017-10-24 16:02:32"
"1011380088";"2017-10-05 20:02:12"
"1011390041";"2017-10-24 16:01:29"
"1011400020";"2017-10-24 16:02:00"
"1011410092";"2017-10-24 16:02:33"
"1011420055";"2017-10-24 16:01:58"
"1011430018";"2017-10-11 17:59:29"
"1011440081";"2017-10-05 20:02:12"
"1011450043";"2017-10-05 20:02:12"
"1011460014";"2017-10-06 18:47:59"
"1011470079";"2017-10-24 16:01:59"
"1011480031";"2017-10-24 16:01:34"
"1011490002";"2017-10-24 16:02:00"
"1011500083";"2017-10-24 16:01:37"
"1011510046";"2017-10-27 15:22:26"
"1011520017";"2017-10-06 18:47:59"
"1011530071";"2017-10-31 10:55:00"
"1011540034";"2017-10-06 18:47:59"
"1011550005";"2017-10-24 16:01:37"
"1011560060";"2017-10-05 20:02:12"
"1011570022";"2017-10-24 16:02:00"
"1011580095";"2017-10-06 18:47:59"
"1011590058";"2017-10-24 16:02:13"
"1011600037";"2017-10-06 18:47:59"
"1011610008";"2017-10-24 16:02:09"
"1011620062";"2017-10-06 18:47:59"
"1011630025";"2017-10-24 16:02:02"
"1011640098";"2017-10-06 18:47:59"
"1011650051";"2017-10-24 16:01:28"
"1011660013";"2017-10-24 16:02:01"
"1011670086";"2017-10-06 18:47:59"
"1011680049";"2017-10-24 16:02:17"
"1011690010";"2017-10-24 16:02:17"
"1011700091";"2017-10-24 16:02:04"
"1011710053";"2017-10-30 13:17:29"
"1011720016";"2017-10-24 16:02:09"
"1011730089";"2017-10-06 18:47:59"
"1011740041";"2017-10-24 16:02:21"
"1011750012";"2017-10-24 16:02:18"
"1011760077";"2017-10-24 16:02:03"
"1011770030";"2017-11-01 10:38:18"
"1011780001";"2017-10-24 16:02:18"
"1011790065";"2017-10-26 08:48:27"
"1011800044";"2017-10-24 16:02:35"
"1011810015";"2017-10-06 18:47:59"
"1011820070";"2017-10-24 16:02:23"
"1011830032";"2017-10-24 16:02:22"
"1011840003";"2017-10-06 18:47:59"
"1011850068";"2017-10-24 16:02:27"
"1011860021";"2017-10-24 16:02:24"
"1011870093";"2017-10-24 16:02:22"
"1011880056";"2017-10-06 18:47:59"
"1011890019";"2017-10-24 16:02:25"
"1011900006";"2017-10-24 16:02:23"
"1011910061";"2017-10-24 16:02:08"
"1011920023";"2017-10-24 16:02:23"
"1011930096";"2017-10-06 18:47:59"
"1011940059";"2017-10-06 18:47:59"
"1011950011";"2017-10-24 16:02:29"
"1011960084";"2017-10-05 20:02:12"
"1011970047";"2017-10-06 18:47:59"
"1011980018";"2017-10-24 16:02:07"
"1011990072";"2017-11-01 15:39:28"
"1012000050";"2017-10-30 14:37:11"
"1012010012";"2017-11-03 10:50:25"
"1012020085";"2017-10-24 16:02:23"
"1012030048";"2017-10-24 16:02:38"
"1012040019";"2017-10-06 18:47:59"
"1012050073";"2017-10-06 18:47:59"
"1012060036";"2017-10-24 16:02:38"
"1012070007";"2017-10-05 20:03:45"
"1012080061";"2017-10-06 18:47:59"
"1012090024";"2017-10-26 14:35:42"
"1012100011";"2017-10-06 18:47:59"
"1012110076";"2017-10-24 16:02:35"
"1012120039";"2017-10-24 16:02:27"
"1012130000";"2017-10-24 16:02:20"
"1012140064";"2017-10-24 16:02:20"
"1012160090";"2017-10-05 20:03:45"
"1012170052";"2017-10-06 18:47:59"
"1012180015";"2017-10-24 16:01:38"
"1012190088";"2017-10-24 16:02:06"
"1012200067";"2017-10-24 16:01:37"
"1012210020";"2017-10-05 20:02:12"
"1012220092";"2017-10-05 20:02:12"
"1012230055";"2017-10-05 20:02:12"
"1012240018";"2017-10-06 18:47:04"
"1012250081";"2017-10-24 16:01:25"
"1012260043";"2017-10-24 16:01:29"
"1012270014";"2017-10-06 18:47:04"
"1012280079";"2017-11-01 09:25:56"
"1012290031";"2017-10-24 16:01:34"
"1012300011";"2017-10-24 16:01:27"
"1012310083";"2017-10-24 16:01:25"
"1012320046";"2017-10-24 16:01:38"
"1012330017";"2017-10-06 18:47:04"
"1012340071";"2017-10-24 16:01:30"
"1012350034";"2017-10-24 16:01:23"
"1012360005";"2017-10-24 16:02:26"
"1012370060";"2017-11-01 15:27:30"
"1012380022";"2017-10-24 16:02:15"
"1012390095";"2017-10-24 16:02:01"
"1012400074";"2017-10-06 18:47:59"
"1012410037";"2017-10-27 03:44:51"
"1012420008";"2017-10-26 11:20:57"
"1012430062";"2017-10-06 18:47:59"
"1012440025";"2017-10-06 18:47:59"
"1012450098";"2017-10-06 18:47:59"
"1012460051";"2017-10-24 16:02:02"
"1012470013";"2017-10-24 16:01:54"
"1012480086";"2017-10-24 16:01:34"
"1012490049";"2017-10-30 16:59:43"
"1012500028";"2017-10-06 18:47:59"
"1012510091";"2017-10-24 16:01:50"
"1012520053";"2017-10-05 20:02:12"
"1012530016";"2017-10-06 18:47:59"
"1012550041";"2017-10-25 14:23:24"
"1012560012";"2017-10-24 16:01:39"
"1012570077";"2017-10-06 18:47:59"
"1012580030";"2017-10-06 18:47:59"
"1012590001";"2017-10-24 16:02:39"
"1012600081";"2017-10-06 18:47:59"
"1012610044";"2017-10-06 18:47:59"
"1012620015";"2017-10-24 16:02:38"
"1012630070";"2017-10-05 20:02:12"
"1012640032";"2017-11-03 14:18:59"
"1012650003";"2017-10-06 18:47:59"
"1012660068";"2017-10-24 16:01:40"
"1012670021";"2017-10-06 18:47:59"
"1012680093";"2017-10-24 16:02:37"
"1012690056";"2017-10-24 16:02:04"
"1012700035";"2017-10-05 20:02:12"
"1012710006";"2017-10-24 16:02:02"
"1012720061";"2017-10-24 16:01:30"
"1012730023";"2017-10-24 16:02:35"
"1012740096";"2017-10-06 18:47:59"
"1012750059";"2017-10-06 18:47:59"
"1012760011";"2017-10-26 08:36:21"
"1012770084";"2017-10-24 16:02:00"
"1012780047";"2017-10-06 18:47:59"
"1012790018";"2017-10-24 16:02:04"
"1012800099";"2017-10-06 18:47:59"
"1012810051";"2017-10-24 16:02:23"
"1012820014";"2017-10-24 16:02:17"
"1012830087";"2017-10-24 16:02:21"
"1012840040";"2017-10-24 16:02:36"
"1012850011";"2017-10-24 16:02:03"
"1012860075";"2017-10-06 18:47:59"
"1012870038";"2017-10-06 18:47:59"
"1012880009";"2017-10-24 16:02:36"
"1012890063";"2017-10-24 16:02:36"
"1012900042";"2017-10-24 16:02:21"
"1012910013";"2017-10-06 18:47:59"
"1012920078";"2017-10-06 18:47:59"
"1012930031";"2017-10-24 16:02:35"
"1012940001";"2017-10-24 16:02:20"
"1012950066";"2017-10-24 16:02:37"
"1012960029";"2017-10-24 16:02:36"
"1012970091";"2017-10-06 18:47:59"
"1012980054";"2017-10-31 12:24:41"
"1012990017";"2017-10-06 18:47:59"
"1013000002";"2017-10-06 18:47:59"
"1013010067";"2017-10-24 16:02:20"
"1013020020";"2017-10-24 16:02:35"
"1013030092";"2017-10-24 16:02:22"
"1013040055";"2017-10-06 18:47:59"
"1013050018";"2017-10-24 16:02:34"
"1013060081";"2017-10-24 16:02:19"
"1013070043";"2017-10-06 18:47:59"
"1013080014";"2017-10-24 16:02:19"
"1013090079";"2017-10-24 16:01:46"
"1013100058";"2017-10-06 18:47:59"
"1013110011";"2017-10-24 16:02:34"
"1013120083";"2017-10-24 16:02:33"
"1013130046";"2017-10-06 18:47:59"
"1013140017";"2017-10-26 05:29:09"
"1013150071";"2017-10-06 18:47:59"
"1013160034";"2017-10-24 16:02:27"
"1013170005";"2017-10-24 16:02:30"
"1013180060";"2017-10-06 18:47:59"
"1013190022";"2017-10-06 18:47:59"
"1013200010";"2017-10-06 18:47:59"
"1013210074";"2017-10-06 18:47:59"
"1013220037";"2017-10-06 18:47:59"
"1013230008";"2017-10-27 08:45:23"
"1013240062";"2017-10-06 18:47:59"
"1013250025";"2017-10-24 16:01:44"
"1013260098";"2017-10-24 16:02:10"
"1013270051";"2017-10-24 16:01:43"
"1013280013";"2017-10-24 16:01:42"
"1013300065";"2017-10-05 20:02:12"
"1013310028";"2017-10-24 16:01:47"
"1013320091";"2017-10-24 16:02:08"
"1013330053";"2017-10-06 18:47:59"
"1013340016";"2017-10-24 16:02:09"
"1013350089";"2017-10-24 16:02:17"
"1013360041";"2017-10-24 16:02:09"
"1013370012";"2017-10-24 16:02:12"
"1013380077";"2017-10-25 17:26:55"
"1013390030";"2017-10-24 16:02:09"
"1013400019";"2017-10-24 16:02:09"
"1013410081";"2017-10-24 16:02:11"
"1013420044";"2017-10-06 18:47:04"
"1013430015";"2017-10-24 16:01:42"
"1013440070";"2017-10-24 16:02:16"
"1013450032";"2017-10-05 20:02:12"
"1013460003";"2017-10-06 18:47:59"
"1013470068";"2017-10-24 16:02:10"
"1013480021";"2017-10-24 16:02:10"
"1013490093";"2017-10-24 16:02:16"
"1013500072";"2017-10-06 18:47:59"
"1013510035";"2017-10-06 18:47:59"
"1013520006";"2017-10-05 20:02:12"
"1013530061";"2017-10-06 18:47:59"
"1013540023";"2017-10-05 20:03:45"
"1013550096";"2017-10-24 16:01:44"
"1013560059";"2017-10-24 16:01:41"
"1013570011";"2017-10-06 18:47:59"
"1013580084";"2017-10-06 18:47:04"
"1013590047";"2017-10-24 16:01:42"
"1013600026";"2017-10-24 16:02:06"
"1013610099";"2017-10-17 22:35:05"
"1013620051";"2017-10-24 16:02:03"
"1013630014";"2017-10-24 16:01:47"
"1013640087";"2017-10-06 18:47:59"
"1013650040";"2017-10-06 18:47:04"
"1013660011";"2017-10-24 16:02:18"
"1013670075";"2017-10-24 16:02:35"
"1013680038";"2017-10-26 09:21:35"
"1013690009";"2017-10-06 18:47:04"
"1013700080";"2017-10-05 20:02:12"
"1013710042";"2017-10-24 16:02:13"
"1013720013";"2017-10-24 16:01:29"
"1013730078";"2017-10-06 18:47:59"
"1013750001";"2017-10-05 20:02:12"
"1013760066";"2017-10-24 16:01:51"
"1013770029";"2017-10-24 16:01:45"
"1013780091";"2017-10-05 20:02:12"
"1013790054";"2017-10-06 18:47:59"
"1013800033";"2017-10-24 16:01:38"
"1013810004";"2017-10-05 20:02:12"
"1013820069";"2017-10-24 16:01:57"
"1013830021";"2017-10-06 18:47:59"
"1013840094";"2017-10-24 16:02:13"
"1013850057";"2017-10-05 20:02:12"
"1013860010";"2017-10-24 16:02:34"
"1013870082";"2017-10-06 18:47:59"
"1013880045";"2017-10-24 16:01:34"
"1013890016";"2017-10-06 18:47:59"
"1013900097";"2017-10-24 16:01:23"
"1013910050";"2017-10-24 16:01:58"
"1013920012";"2017-10-06 18:47:59"
"1013930085";"2017-10-05 20:02:12"
"1013940048";"2017-10-06 18:47:59"
"1013950019";"2017-10-24 16:02:30"
"1013960073";"2017-10-24 16:01:23"
"1013970036";"2017-10-24 16:01:48"
"1013980007";"2017-10-24 16:01:53"
"1013990061";"2017-10-24 16:02:31"
"1014000049";"2017-10-24 16:02:13"
"1014010010";"2017-10-24 16:02:26"
"1014020074";"2017-10-24 16:02:24"
"1014030037";"2017-10-24 16:01:48"
"1014040008";"2017-10-06 18:47:59"
"1014050062";"2017-10-05 20:02:12"
"1014060025";"2017-10-24 16:02:15"
"1014070098";"2017-10-05 20:02:12"
"1014090013";"2017-10-24 16:01:40"
"1014100001";"2017-10-05 20:02:12"
"1014110065";"2017-11-03 13:57:29"
"1014120028";"2017-10-24 16:02:07"
"1014130091";"2017-10-06 18:47:59"
"1014140053";"2017-10-24 16:02:22"
"1014150016";"2017-10-05 20:02:12"
"1014160089";"2017-10-05 20:02:12"
"1014170041";"2017-10-05 20:03:45"
"1014180012";"2017-10-24 16:01:30"
"1014190077";"2017-10-06 18:47:59"
"1014200056";"2017-10-24 16:01:38"
"1014210019";"2017-10-24 16:02:04"
"1014220081";"2017-10-24 16:01:58"
"1014230044";"2017-10-24 16:01:58"
"1014240015";"2017-10-24 16:01:58"
"1014250070";"2017-10-24 16:01:59"
"1014260032";"2017-10-06 18:47:59"
"1014270003";"2017-10-24 16:02:12"
"1014280068";"2017-10-06 18:47:59"
"1014290021";"2017-10-06 18:47:59"
"1014300018";"2017-10-24 16:01:54"
"1014320035";"2017-10-24 16:01:50"
"1014330006";"2017-11-01 11:25:26"
"1014340061";"2017-10-24 16:01:48"
"1014350023";"2017-10-24 16:01:47"
"1014360096";"2017-10-05 20:02:12"
"1014370059";"2017-10-24 16:01:46"
"1014380011";"2017-10-26 08:35:09"
"1014390084";"2017-10-24 16:01:43"
"1014400063";"2017-10-24 16:01:44"
"1014410026";"2017-10-05 20:03:45"
"1014420099";"2017-10-05 20:02:12"
"1014430051";"2017-10-05 20:02:12"
"1014440014";"2017-10-24 16:01:33"
"1014450087";"2017-10-05 20:02:12"
"1014460040";"2017-10-05 20:02:12"
"1014470011";"2017-10-05 20:02:12"
"1014480075";"2017-10-24 16:01:27"
"1014490038";"2017-10-06 18:47:04"
"1014500017";"2017-10-24 16:01:28"
"1014510080";"2017-10-05 20:02:12"
"1014520042";"2017-10-24 16:02:22"
"1014530013";"2017-10-24 16:02:22"
"1014540078";"2017-10-24 16:02:24"
"1014550031";"2017-10-24 16:01:52"
"1014560001";"2017-10-05 20:02:12"
"1014580029";"2017-10-06 18:47:59"
"1014590091";"2017-10-24 16:02:27"
"1014600071";"2017-10-24 16:01:51"
"1014610033";"2017-10-24 16:01:52"
"1014620004";"2017-10-24 16:01:23"
"1014630069";"2017-10-05 20:02:12"
"1014640021";"2017-10-06 18:47:59"
"1014650094";"2017-10-06 18:47:59"
"1014660057";"2017-10-24 16:02:16"
"1014670010";"2017-10-24 16:02:17"
"1014680082";"2017-10-06 18:47:59"
"1014690045";"2017-10-24 16:02:13"
"1014700024";"2017-10-24 16:02:29"
"1014710097";"2017-10-24 16:01:24"
"1014720050";"2017-10-06 18:47:04"
"1014730012";"2017-10-24 16:01:24"
"1014740085";"2017-10-24 16:01:27"
"1014750048";"2017-10-06 18:47:59"
"1014760019";"2017-10-06 18:47:04"
"1014770073";"2017-10-24 16:02:27"
"1014780036";"2017-10-24 16:02:14"
"1014790007";"2017-10-31 11:36:35"
"1014800088";"2017-10-24 16:02:34"
"1014810041";"2017-10-24 16:02:19"
"1014820011";"2017-10-24 16:02:20"
"1014830076";"2017-10-26 07:26:05"
"1014840039";"2017-10-06 18:47:59"
"1014850000";"2017-10-05 20:02:12"
"1014860064";"2017-10-06 18:47:04"
"1014870027";"2017-10-24 16:02:08"
"1014880090";"2017-10-05 20:02:12"
"1014890052";"2017-10-05 20:02:12"
"1014900031";"2017-10-24 16:01:26"
"1014920067";"2017-10-06 18:47:04"
"1014930020";"2017-10-24 16:02:33"
"1014940092";"2017-10-24 16:02:05"
"1014950055";"2017-10-24 16:02:10"
"1014960018";"2017-10-05 20:03:45"
"1014970081";"2017-10-24 16:02:04"
"1014980043";"2017-10-06 18:47:59"
"1014990014";"2017-10-06 18:47:59"
"1015000093";"2017-10-24 16:02:27"
"1015010056";"2017-10-24 16:02:34"
"1015020019";"2017-10-05 20:02:12"
"1015030081";"2017-10-24 16:02:18"
"1015040044";"2017-10-24 16:02:28"
"1015050015";"2017-10-24 16:02:36"
"1015060070";"2017-10-24 16:01:26"
"1015070032";"2017-10-24 16:01:52"
"1015080003";"2017-10-06 18:47:59"
"1015090068";"2017-10-06 18:47:59"
"1015100047";"2017-10-05 20:02:12"
"1015110018";"2017-10-05 20:02:12"
"1015130035";"2017-10-26 03:48:28"
"1015140006";"2017-10-24 16:01:26"
"1015150061";"2017-10-24 16:02:03"
"1015160023";"2017-10-24 16:02:22"
"1015170096";"2017-10-24 16:02:20"
"1015180059";"2017-10-06 18:47:59"
"1015190011";"2017-10-24 16:02:06"
"1015200009";"2017-10-24 16:02:12"
"1015210063";"2017-10-24 16:01:41"
"1015220026";"2017-10-24 16:02:03"
"1015230099";"2017-10-06 18:47:59"
"1015240051";"2017-10-06 18:47:59"
"1015250014";"2017-10-24 16:02:05"
"1015260087";"2017-10-13 07:55:09"
"1015270040";"2017-10-24 16:01:42"
"1015280011";"2017-10-06 18:47:59"
"1015290075";"2017-10-05 20:02:12"
"1015300054";"2017-10-24 16:02:16"
"1015310017";"2017-10-24 16:02:29"
"1015320080";"2017-10-24 16:02:15"
"1015330042";"2017-10-06 18:47:59"
"1015340013";"2017-10-06 18:47:04"
"1015350078";"2017-10-24 16:02:38"
"1015360031";"2017-10-06 18:47:59"
"1015370001";"2017-10-24 16:01:23"
"1015380066";"2017-10-24 16:01:49"
"1015390029";"2017-10-05 20:02:12"
"1015400016";"2017-10-06 18:47:59"
"1015410071";"2017-10-06 18:47:59"
"1015420033";"2017-11-01 09:43:15"
"1015430004";"2017-10-26 09:14:38"
"1015440069";"2017-10-24 16:02:22"
"1015450021";"2017-10-24 16:01:59"
"1015460094";"2017-10-05 20:03:45"
"1015470057";"2017-10-24 16:01:31"
"1015480010";"2017-10-05 20:02:12"
"1015490082";"2017-10-24 16:01:26"
"1015500061";"2017-10-24 16:01:48"
"1015510024";"2017-10-24 16:02:14"
"1015520097";"2017-10-26 18:49:57"
"1015530050";"2017-10-06 18:47:59"
"1015540012";"2017-10-24 16:02:39"
"1015550085";"2017-10-24 16:01:47"
"1015560048";"2017-10-24 16:01:47"
"1015570019";"2017-10-24 16:02:04"
"1015580073";"2017-10-06 18:47:04"
"1015590036";"2017-10-24 16:02:21"
"1015610088";"2017-10-24 16:02:15"
"1015620041";"2017-10-05 20:02:12"
"1015630011";"2017-10-06 18:47:59"
"1015640076";"2017-11-03 10:13:58"
"1015650039";"2017-10-24 16:02:12"
"1015660000";"2017-10-05 20:02:12"
"1015670064";"2017-10-06 18:47:59"
"1015680027";"2017-10-05 20:02:12"
"1015690090";"2017-10-06 18:47:59"
"1015700079";"2017-10-06 18:47:59"
"1015710031";"2017-10-05 20:02:12"
"1015720002";"2017-10-06 18:47:59"
"1015730067";"2017-10-05 20:02:12"
"1015740020";"2017-10-24 16:01:51"
"1015750092";"2017-10-24 16:01:52"
"1015760055";"2017-10-24 16:02:19"
"1015770018";"2017-10-06 18:47:04"
"1015780081";"2017-10-24 16:02:39"
"1015790043";"2017-10-24 16:01:50"
"1015800022";"2017-10-06 18:47:59"
"1015810095";"2017-10-06 18:47:59"
"1015820058";"2017-10-06 18:47:59"
"1015830011";"2017-10-06 18:47:59"
"1015840083";"2017-10-06 18:47:59"
"1015850046";"2017-10-06 18:47:59"
"1015860017";"2017-10-24 16:01:30"
"1015870071";"2017-10-24 16:02:12"
"1015880034";"2017-10-24 16:02:05"
"1015890005";"2017-10-06 18:47:59"
"1015900086";"2017-10-06 18:47:59"
"1015910049";"2017-10-05 20:02:12"
"1015920010";"2017-10-06 18:47:59"
"1015930074";"2017-10-06 18:47:59"
"1015940037";"2017-10-24 16:02:13"
"1015950008";"2017-10-05 20:02:12"
"1015960062";"2017-10-24 16:02:25"
"1015970025";"2017-10-24 16:02:02"
"1015980098";"2017-10-06 18:47:59"
"1015990051";"2017-10-24 16:02:10"
"1016000038";"2017-10-06 18:47:59"
"1016010009";"2017-10-24 16:01:53"
"1016020063";"2017-10-24 16:02:37"
"1016030026";"2017-10-31 11:19:14"
"1016040099";"2017-10-05 20:02:12"
"1016050051";"2017-10-24 16:01:26"
"1016060014";"2017-10-06 18:47:59"
"1016070087";"2017-11-03 10:26:10"
"1016080040";"2017-10-05 20:02:12"
"1016090011";"2017-10-05 20:02:12"
"1016100091";"2017-10-06 18:47:59"
"1016110054";"2017-10-06 18:47:59"
"1016120017";"2017-10-06 18:47:59"
"1016130080";"2017-10-24 16:02:31"
"1016140042";"2017-10-24 16:02:24"
"1016150013";"2017-10-28 09:40:59"
"1016160078";"2017-10-24 16:01:28"
"1016170031";"2017-10-24 16:02:31"
"1016180001";"2017-10-24 16:02:29"
"1016190066";"2017-10-06 18:47:59"
"1016200045";"2017-10-24 16:02:04"
"1016210016";"2017-10-05 20:02:12"
"1016220071";"2017-10-05 20:02:12"
"1016230033";"2017-10-24 16:02:19"
"1016240004";"2017-11-01 10:43:29"
"1016250069";"2017-10-24 16:02:05"
"1016260021";"2017-10-24 16:01:48"
"1016270094";"2017-10-06 18:47:59"
"1016280057";"2017-10-24 16:02:02"
"1016290010";"2017-10-24 16:02:28"
"1016300007";"2017-10-24 16:01:29"
"1016310061";"2017-10-24 16:02:30"
"1016320024";"2017-10-24 16:02:20"
"1016330097";"2017-11-03 09:37:31"
"1016340050";"2017-10-06 18:47:59"
"1016350012";"2017-10-24 16:01:37"
"1016360085";"2017-10-24 16:01:28"
"1016370048";"2017-10-24 16:02:37"
"1016380019";"2017-10-24 16:02:30"
"1016390073";"2017-10-06 18:47:59"
"1016400052";"2017-10-24 16:02:34"
"1016410015";"2017-10-24 16:02:25"
"1016420088";"2017-10-05 20:02:12"
"1016430041";"2017-10-06 18:47:59"
"1016440011";"2017-10-24 16:01:49"
"1016450076";"2017-10-24 16:01:35"
"1016460039";"2017-10-24 16:02:06"
"1016470000";"2017-10-06 18:47:59"
"1016480064";"2017-10-24 16:01:41"
"1016490027";"2017-10-24 16:01:31"
"1016500014";"2017-10-24 16:02:12"
"1016510079";"2017-10-05 20:02:12"
"1016520031";"2017-10-06 18:47:59"
"1016530002";"2017-10-05 20:02:12"
"1016540067";"2017-10-24 16:02:08"
"1016550020";"2017-10-24 16:02:32"
"1016560092";"2017-10-24 16:02:09"
"1016570055";"2017-10-24 16:02:07"
"1016580018";"2017-10-24 16:02:33"
"1016590081";"2017-10-24 16:02:23"
"1016600060";"2017-10-05 20:02:12"
"1016610022";"2017-10-05 20:03:45"
"1016620095";"2017-10-24 16:01:34"
"1016630058";"2017-10-24 16:02:36"
"1016640011";"2017-10-24 16:01:54"
"1016650083";"2017-10-24 16:02:26"
"1016660046";"2017-10-05 20:02:12"
"1016670017";"2017-10-24 16:01:35"
"1016680071";"2017-10-06 18:47:59"
"1016690034";"2017-10-06 18:47:59"
"1016700013";"2017-10-06 18:47:04"
"1016710086";"2017-10-24 16:02:25"
"1016720049";"2017-10-06 18:47:59"
"1016730010";"2017-10-24 16:01:32"
"1016740074";"2017-10-24 16:01:44"
"1016750037";"2017-10-05 20:02:12"
"1016760008";"2017-10-05 20:02:12"
"1016770062";"2017-10-24 16:02:08"
"1016780025";"2017-10-24 16:01:24"
"1016790098";"2017-10-06 18:47:59"
"1016800077";"2017-10-06 18:47:59"
"1016810030";"2017-10-05 20:03:45"
"1016820001";"2017-10-24 16:01:49"
"1016830065";"2017-10-05 20:02:12"
"1016840028";"2017-10-24 16:01:48"
"1016850091";"2017-10-24 16:01:54"
"1016860053";"2017-10-06 18:47:59"
"1016870016";"2017-10-24 16:01:27"
"1016880089";"2017-10-06 18:47:59"
"1016890041";"2017-11-01 11:33:28"
"1016900021";"2017-10-24 16:01:43"
"1016910093";"2017-10-06 18:47:59"
"1016920056";"2017-10-24 16:02:16"
"1016930019";"2017-10-05 20:02:12"
"1016940081";"2017-10-24 16:02:09"
"1016950044";"2017-10-24 16:02:13"
"1016960015";"2017-10-05 20:02:12"
"1016970070";"2017-10-24 16:01:28"
"1016980032";"2017-10-06 18:47:59"
"1016990003";"2017-10-24 16:01:43"
"1017000082";"2017-10-05 20:02:12"
"1017010045";"2017-10-05 20:03:45"
"1017020016";"2017-10-24 16:01:34"
"1017030071";"2017-10-24 16:01:30"
"1017040033";"2017-10-05 20:02:12"
"1017050004";"2017-10-24 16:01:22"
"1017060069";"2017-10-24 16:01:56"
"1017070021";"2017-10-24 16:02:38"
"1017080094";"2017-10-24 16:02:06"
"1017090057";"2017-10-24 16:02:26"
"1017100036";"2017-10-05 20:02:12"
"1017110007";"2017-10-24 16:01:25"
"1017120061";"2017-10-06 18:47:04"
"1017130024";"2017-10-24 16:01:37"
"1017140097";"2017-10-24 16:02:30"
"1017150050";"2017-10-24 16:02:08"
"1017160012";"2017-10-24 16:01:48"
"1017170085";"2017-10-24 16:02:10"
"1017180048";"2017-10-06 18:47:59"
"1017190019";"2017-10-05 20:02:12"
"1017200090";"2017-10-06 18:47:59"
"1017210052";"2017-10-24 16:02:10"
"1017220015";"2017-10-24 16:01:41"
"1017230088";"2017-10-27 01:00:19"
"1017240041";"2017-10-24 16:01:39"
"1017250011";"2017-10-24 16:02:11"
"1017260076";"2017-10-24 16:02:26"
"1017270039";"2017-10-24 16:01:40"
"1017280000";"2017-10-05 20:02:12"
"1017290064";"2017-10-24 16:01:46"
"1017300043";"2017-10-06 18:47:59"
"1017310014";"2017-10-24 16:02:21"
"1017320079";"2017-10-05 20:02:12"
"1017330031";"2017-10-24 16:02:02"
"1017340002";"2017-10-24 16:02:34"
"1017350067";"2017-10-24 16:01:31"
"1017360020";"2017-10-24 16:01:58"
"1017370092";"2017-10-26 20:48:36"
"1017380055";"2017-10-24 16:02:10"
"1017390018";"2017-10-06 18:47:59"
"1017400005";"2017-10-24 16:02:10"
"1017410060";"2017-10-24 16:02:01"
"1017420022";"2017-10-24 16:01:31"
"1017430095";"2017-10-05 20:03:45"
"1017440058";"2017-10-24 16:01:27"
"1017450011";"2017-10-24 16:02:01"
"1017460083";"2017-10-24 16:01:51"
"1017470046";"2017-10-05 20:03:45"
"1017480017";"2017-10-28 10:55:36"
"1017490071";"2017-10-24 16:02:34"
"1017500051";"2017-10-24 16:02:25"
"1017510013";"2017-10-05 20:02:12"
"1017520086";"2017-10-24 16:02:05"
"1017530049";"2017-10-06 18:47:59"
"1017540010";"2017-10-26 08:31:07"
"1017550074";"2017-10-24 16:01:37"
"1017560037";"2017-10-24 16:05:16"
"1017570008";"2017-10-24 16:02:20"
"1017580062";"2017-10-30 11:49:25"
"1017590025";"2017-10-24 16:02:16"
"1017600012";"2017-10-06 18:47:04"
"1017610077";"2017-10-24 16:02:05"
"1017620030";"2017-10-06 18:47:59"
"1017630001";"2017-10-26 10:32:23"
"1017640065";"2017-10-24 16:02:39"
"1017650028";"2017-10-24 16:02:13"
"1017660091";"2017-10-05 20:02:12"
"1017670053";"2017-10-05 20:02:12"
"1017680016";"2017-10-24 16:01:25"
"1017690089";"2017-10-05 20:02:12"
"1017700068";"2017-10-24 16:01:56"
"1017710021";"2017-10-05 20:02:12"
"1017720093";"2017-10-25 22:06:01"
"1017730056";"2017-10-24 16:01:30"
"1017740019";"2017-10-24 16:01:44"
"1017750081";"2017-10-24 16:02:12"
"1017760044";"2017-10-05 20:03:45"
"1017770015";"2017-10-27 11:11:17"
"1017780070";"2017-10-24 16:02:14"
"1017790032";"2017-10-24 16:02:02"
"1017800011";"2017-10-24 16:01:58"
"1017810084";"2017-10-24 16:02:37"
"1017820047";"2017-10-24 16:02:10"
"1017830018";"2017-10-24 16:02:19"
"1017840072";"2017-10-24 16:02:20"
"1017850035";"2017-10-24 16:02:05"
"1017860006";"2017-10-24 16:02:27"
"1017870061";"2017-10-24 16:02:15"
"1017880023";"2017-10-05 20:02:12"
"1017890096";"2017-11-01 19:16:05"
"1017900075";"2017-10-05 20:02:12"
"1017910038";"2017-10-24 16:01:53"
"1017920009";"2017-10-24 16:01:24"
"1017930063";"2017-10-05 20:02:12"
"1017940026";"2017-10-24 16:02:01"
"1017950099";"2017-10-24 16:01:33"
"1017960051";"2017-10-05 20:02:12"
"1017970014";"2017-10-24 16:01:51"
"1017980087";"2017-10-06 18:47:59"
"1017990040";"2017-10-24 16:01:56"
"1018000027";"2017-10-24 16:01:41"
"1018010090";"2017-10-24 16:02:13"
"1018020052";"2017-10-24 16:02:24"
"1018030015";"2017-10-06 18:47:59"
"1018040088";"2017-10-24 16:02:33"
"1018050041";"2017-10-24 16:01:57"
"1018060011";"2017-10-24 16:01:46"
"1018070076";"2017-10-24 16:01:56"
"1018080039";"2017-10-24 16:01:50"
"1018090000";"2017-10-24 16:01:28"
"1018100081";"2017-10-24 16:02:12"
"1018110043";"2017-10-05 20:02:12"
"1018120014";"2017-10-05 20:02:12"
"1018130079";"2017-10-05 20:03:45"
"1018140031";"2017-10-24 16:01:42"
"1018150002";"2017-10-24 16:02:33"
"1018160067";"2017-10-05 20:02:12"
"1018170020";"2017-10-06 18:47:59"
"1018180092";"2017-10-05 20:02:12"
"1018190055";"2017-10-24 16:01:53"
"1018200034";"2017-10-24 16:02:00"
"1018210005";"2017-10-24 16:02:11"
"1018220060";"2017-10-24 16:01:42"
"1018230022";"2017-10-24 16:01:30"
"1018240095";"2017-10-24 16:02:35"
"1018250058";"2017-10-24 16:01:47"
"1018260011";"2017-10-05 20:02:12"
"1018270083";"2017-10-24 16:01:57"
"1018280046";"2017-10-24 16:01:48"
"1018290017";"2017-10-06 18:47:59"
"1018300098";"2017-10-06 18:47:04"
"1018310051";"2017-10-24 16:01:57"
"1018320013";"2017-10-24 16:02:14"
"1018330086";"2017-10-24 16:01:51"
"1018340049";"2017-10-24 16:02:18"
"1018350010";"2017-10-06 18:47:04"
"1018360074";"2017-10-24 16:02:24"
"1018370037";"2017-10-24 16:01:43"
"1018380008";"2017-10-05 20:02:12"
"1018390062";"2017-10-24 16:02:02"
"1018400041";"2017-10-24 16:01:49"
"1018410012";"2017-10-24 16:02:29"
"1018420077";"2017-10-05 20:02:12"
"1018430030";"2017-10-24 16:01:35"
"1018440001";"2017-10-06 18:47:59"
"1018450065";"2017-10-24 16:02:28"
"1018460028";"2017-10-24 16:01:24"
"1018470091";"2017-10-24 16:02:25"
"1018480053";"2017-10-24 16:01:52"
"1018490016";"2017-10-24 16:01:30"
"1018500003";"2017-10-06 18:47:04"
"1018510068";"2017-10-26 15:50:28"
"1018520021";"2017-10-24 16:02:25"
"1018530093";"2017-10-24 16:01:50"
"1018540056";"2017-10-26 00:04:22"
"1018550019";"2017-10-24 16:01:45"
"1018560081";"2017-10-24 16:02:19"
"1018570044";"2017-10-24 16:02:37"
"1018580015";"2017-10-24 16:01:36"
"1018590070";"2017-10-24 16:02:02"
"1018600059";"2017-10-05 20:02:12"
"1018610011";"2017-10-26 11:23:16"
"1018620084";"2017-10-24 16:02:02"
"1018630047";"2017-10-05 20:02:12"
"1018640018";"2017-10-24 16:01:41"
"1018650072";"2017-10-24 16:02:11"
"1018660035";"2017-10-24 16:01:57"
"1018670006";"2017-10-24 16:02:24"
"1018680061";"2017-10-24 16:01:51"
"1018690023";"2017-10-24 16:02:27"
"1018700011";"2017-10-06 18:47:04"
"1018710075";"2017-10-05 20:02:12"
"1018720038";"2017-10-24 16:01:47"
"1018730009";"2017-10-24 16:01:45"
"1018740063";"2017-10-24 16:01:41"
"1018750026";"2017-10-06 18:47:59"
"1018760099";"2017-10-24 16:01:25"
"1018770051";"2017-10-06 18:47:59"
"1018780014";"2017-10-05 20:03:45"
"1018790087";"2017-10-24 16:01:46"
"1018800066";"2017-10-24 16:02:30"
"1018810029";"2017-10-24 16:01:33"
"1018820091";"2017-10-06 18:47:59"
"1018830054";"2017-10-06 18:47:59"
"1018840017";"2017-10-06 18:47:59"
"1018850080";"2017-10-24 16:02:16"
"1018860042";"2017-10-24 16:02:21"
"1018870013";"2017-10-24 16:02:25"
"1018880078";"2017-10-24 16:01:25"
"1018890031";"2017-10-10 12:15:43"
"1018900010";"2017-10-24 16:02:13"
"1018910082";"2017-10-24 16:02:09"
"1018920045";"2017-10-27 15:40:17"
"1018930016";"2017-10-27 15:40:02"
"1018940071";"2017-10-24 16:01:38"
"1018950033";"2017-10-05 20:02:12"
"1018960004";"2017-10-24 16:01:26"
"1018970069";"2017-10-24 16:01:24"
"1018980021";"2017-10-24 16:02:24"
"1018990094";"2017-10-24 16:01:22"
"1019000071";"2017-10-24 16:02:02"
"1019010034";"2017-10-24 16:02:14"
"1019020005";"2017-10-24 16:01:39"
"1019030060";"2017-11-01 20:22:20"
"1019040022";"2017-10-26 13:57:41"
"1019050095";"2017-10-05 20:02:12"
"1019060058";"2017-10-06 18:47:59"
"1019070011";"2017-10-24 16:01:54"
"1019080083";"2017-10-06 18:47:59"
"1019090046";"2017-10-06 18:47:04"
"1019100025";"2017-10-24 16:01:56"
"1019110098";"2017-10-06 18:47:59"
"1019120051";"2017-10-24 16:01:55"
"1019130013";"2017-10-06 18:47:59"
"1019140086";"2017-10-26 06:57:13"
"1019150049";"2017-10-24 16:02:11"
"1019160010";"2017-10-06 18:47:59"
"1019170074";"2017-11-01 12:22:57"
"1019180037";"2017-10-24 16:01:45"
"1019190008";"2017-10-24 16:01:32"
"1019200089";"2017-10-24 16:02:33"
"1019210041";"2017-10-24 16:02:15"
"1019220012";"2017-10-06 18:47:59"
"1019230077";"2017-10-24 16:02:05"
"1019240030";"2017-10-26 07:45:09"
"1019250001";"2017-10-27 13:10:33"
"1019260065";"2017-10-24 16:02:19"
"1019270028";"2017-10-24 16:01:58"
"1019280091";"2017-10-24 16:02:31"
"1019290053";"2017-10-24 16:01:25"
"1019300032";"2017-10-26 09:51:52"
"1019310003";"2017-10-06 18:47:59"
"1019320068";"2017-10-24 16:02:14"
"1019330021";"2017-10-24 16:02:29"
"1019340093";"2017-10-06 18:47:59"
"1019350056";"2017-10-06 18:47:59"
"1019360019";"2017-10-06 18:47:59"
"1019370081";"2017-10-24 16:01:38"
"1019380044";"2017-10-24 16:01:36"
"1019390015";"2017-10-24 16:02:07"
"1019400096";"2017-10-06 18:47:59"
"1019410059";"2017-10-05 20:02:12"
"1019420011";"2017-10-24 16:02:01"
"1019430084";"2017-10-05 20:02:12"
"1019440047";"2017-10-24 16:02:28"
"1019450018";"2017-10-24 16:01:25"
"1019460072";"2017-10-24 16:01:42"
"1019470035";"2017-10-24 16:01:50"
"1019480006";"2017-10-05 20:02:12"
"1019490061";"2017-10-24 16:01:55"
"1019500040";"2017-10-24 16:01:50"
"1019510011";"2017-10-24 16:02:14"
"1019520075";"2017-10-24 16:01:45"
"1019530038";"2017-10-24 16:01:45"
"1019540009";"2017-10-24 16:01:27"
"1019550063";"2017-10-24 16:02:31"
"1019560026";"2017-10-24 16:02:34"
"1019570099";"2017-10-06 18:47:59"
"1019580051";"2017-10-06 18:47:59"
"1019590014";"2017-10-24 16:01:32"
"1019600001";"2017-10-24 16:01:56"
"1019610066";"2017-10-27 09:36:10"
"1019620029";"2017-10-24 16:01:27"
"1019630091";"2017-10-24 16:01:43"
"1019640054";"2017-10-06 18:47:59"
"1019650017";"2017-10-24 16:02:31"
"1019660080";"2017-10-05 20:03:45"
"1019670042";"2017-10-24 16:02:37"
"1019680013";"2017-10-24 16:01:28"
"1019690078";"2017-10-24 16:01:27"
"1019700057";"2017-10-24 16:02:01"
"1019710010";"2017-10-24 16:02:39"
"1019720082";"2017-10-24 16:02:39"
"1019730045";"2017-10-24 16:01:41"
"1019740016";"2017-10-26 21:03:24"
"1019750071";"2017-10-24 16:02:23"
"1019760033";"2017-10-24 16:02:34"
"1019770004";"2017-10-24 16:02:18"
"1019780069";"2017-10-24 16:01:55"
"1019790021";"2017-10-24 16:01:24"
"1019800019";"2017-10-24 16:02:18"
"1019810073";"2017-10-25 10:33:26"
"1019820036";"2017-10-11 17:55:09"
"1019830007";"2017-10-24 16:02:13"
"1019840061";"2017-10-24 16:02:39"
"1019850024";"2017-10-24 16:02:35"
"1019860097";"2017-10-24 16:02:05"
"1019870050";"2017-10-24 16:02:11"
"1019880012";"2017-10-24 16:02:06"
"1019890085";"2017-10-24 16:02:38"
"1019900064";"2017-10-24 16:01:35"
"1019910027";"2017-10-24 16:01:59"
"1019920090";"2017-10-25 23:29:08"
"1019930052";"2017-10-26 10:22:42"
"1019940015";"2017-10-24 16:01:30"
"1019950088";"2017-10-24 16:01:53"
"1019960041";"2017-10-24 16:02:03"
"1019970011";"2017-10-25 22:12:13"
"1019980076";"2017-10-24 16:01:50"
"1019990039";"2017-10-24 16:01:33"
"1020000004";"2017-10-10 11:08:39"
"1020010069";"2017-10-31 16:59:51"
"1020020021";"2017-10-26 11:03:59"
"1020030094";"2017-10-24 16:02:21"
"1020040057";"2017-10-11 17:53:01"
"1020050010";"2017-10-26 15:14:04"
"1020060082";"2017-10-24 16:01:22"
"1020070045";"2017-10-24 16:01:51"
"1020080016";"2017-10-24 16:01:35"
"1020090071";"2017-10-24 16:01:38"
"1020100050";"2017-10-24 16:02:24"
"1020110012";"2017-10-24 16:02:28"
"1020120085";"2017-10-24 16:02:03"
"1020130048";"2017-10-24 16:02:00"
"1020140019";"2017-10-24 16:01:31"
"1020150073";"2017-10-24 16:02:33"
"1020160036";"2017-10-24 16:01:24"
"1020170007";"2017-10-24 16:01:43"
"1020180061";"2017-10-24 16:01:58"
"1020190024";"2017-10-24 16:01:25"
"1020200011";"2017-10-24 16:01:32"
"1020210076";"2017-10-05 20:03:45"
"1020220039";"2017-10-24 16:01:58"
"1020230000";"2017-10-24 16:01:27"
"1020240064";"2017-10-24 16:01:29"
"1020250027";"2017-10-24 16:01:40"
"1020260090";"2017-10-24 16:01:39"
"1020270052";"2017-10-24 16:01:44"
"1020280015";"2017-10-24 16:01:57"
"1020290088";"2017-10-24 16:02:14"
"1020300067";"2017-10-24 16:02:26"
"1020310020";"2017-10-24 16:02:01"
"1020320092";"2017-10-24 16:01:57"
"1020330055";"2017-10-24 16:02:36"
"1020340018";"2017-10-24 16:02:15"
"1020350081";"2017-10-24 16:01:35"
"1020360043";"2017-11-02 00:56:38"
"1020370014";"2017-10-24 16:01:48"
"1020380079";"2017-10-24 16:02:15"
"1020390031";"2017-10-24 16:02:03"
"1020400011";"2017-10-24 16:01:55"
"1020410083";"2017-10-24 16:01:41"
"1020420046";"2017-10-27 14:41:50"
"1020430017";"2017-10-24 16:02:23"
"1020440071";"2017-10-24 16:02:09"
"1020450034";"2017-10-24 16:01:37"
"1020460005";"2017-10-24 16:01:44"
"1020470060";"2017-10-24 16:01:30"
"1020480022";"2017-10-24 16:02:14"
"1020490095";"2017-10-24 16:02:04"
"1020490096";"2017-10-24 17:10:12"
"1020490097";"2017-10-30 14:08:56"
"1020490098";"2017-10-24 16:02:18"
"1020500074";"2017-10-24 16:01:53"
"1020510037";"2017-10-30 11:41:47"
"1020520008";"2017-10-24 16:02:25"
"1020530062";"2017-10-24 16:02:22"
"1020540025";"2017-10-05 20:03:45"
"1020550098";"2017-10-24 16:01:58"
"1020560051";"2017-10-24 16:02:39"
"1020570013";"2017-10-06 18:47:59"
"1020580086";"2017-10-24 16:02:16"
"1020590049";"2017-10-24 16:02:24"
"1020600028";"2017-10-24 16:02:17"
"1020610091";"2017-10-24 16:02:26"
"1020620053";"2017-10-24 16:02:26"
"1020630016";"2017-10-24 16:02:27"
"1020640089";"2017-10-24 16:02:27"
"1020650041";"2017-10-26 09:40:10"
"1020660012";"2017-10-24 16:02:08"
"1020670077";"2017-10-24 16:01:55"
"1020680030";"2017-10-26 16:24:13"
"1020690001";"2017-10-24 16:02:00"
"1020700081";"2017-10-24 16:02:35"
"1020710044";"2017-10-24 16:02:24"
"1020720015";"2017-10-24 16:01:54"
"1020730070";"2017-10-24 16:01:26"
"1020740032";"2017-10-24 16:02:38"
"1020750003";"2017-10-24 16:01:39"
"1020750004";"2017-10-30 10:41:15"
"1020750005";"2017-10-30 20:02:37"
"1020750006";"2017-10-24 16:02:36"
"1020750007";"2017-10-24 16:02:07"
"1020750008";"2017-10-24 16:01:23"
"1020750009";"2017-10-24 16:02:26"
"1020750011";"2017-10-24 16:02:38"
"1020750012";"2017-10-25 22:21:14"
"1020750013";"2017-10-24 16:01:49"
"1020750014";"2017-10-24 16:02:28"
"1020750015";"2017-10-24 16:02:00"
"1020750016";"2017-10-24 16:02:18"
"1020750017";"2017-10-24 16:01:44"
"1020750018";"2017-10-24 16:02:34"
"1020750019";"2017-10-24 16:01:33"
"1020750020";"2017-10-24 16:02:30"
"1020750021";"2017-10-24 16:01:29"
"1020750022";"2017-10-25 13:58:37"
"1020750023";"2017-10-24 16:01:36"
"1020750024";"2017-10-24 16:01:26"
"1020750025";"2017-10-24 16:02:23"
"1020750026";"2017-10-24 16:01:29"
"1020750027";"2017-10-26 13:08:24"
"1020750029";"2017-10-24 16:02:24"
"1020750030";"2017-10-30 15:36:50"
"1020750031";"2017-10-24 16:02:08"
"1020750032";"2017-10-24 16:02:29"
"1020750033";"2017-10-27 07:27:50"
"1020750034";"2017-10-24 16:01:24"
"1020750035";"2017-10-24 16:01:31"
"1020750037";"2017-10-05 20:02:12"
"1020750038";"2017-10-24 16:02:21"
"1020750039";"2017-10-30 13:48:15"
"1020750040";"2017-11-03 13:04:09"
"1020750041";"2017-10-24 16:02:05"
"1020750043";"2017-11-01 10:49:43"
"1020750044";"2017-10-26 17:05:47"
"1020750045";"2017-11-03 19:44:32"
"1020750046";"2017-10-24 16:02:16"
"1020750047";"2017-10-24 16:02:06"
"1020750048";"2017-10-24 16:01:43"
"1020750049";"2017-10-24 16:02:21"
"1020750050";"2017-10-24 16:02:26"
"1020750051";"2017-10-24 16:02:38"
"1020750052";"2017-10-24 16:02:03"
"1020750053";"2017-10-24 16:01:50"
"1020750054";"2017-10-24 16:01:53"
"1020750055";"2017-10-24 16:02:20"
"1020750056";"2017-10-24 16:02:18"
"1020750057";"2017-10-30 11:09:47"
"1020750058";"2017-10-24 16:02:29"
"1020750059";"2017-10-24 16:02:31"
"1020750060";"2017-10-24 16:01:57"
"1020750061";"2017-10-24 16:01:42"
"1020750062";"2017-10-24 16:02:26"
"1020750063";"2017-10-24 16:01:39"
"1020750064";"2017-10-24 16:02:25"
"1020750065";"2017-10-24 16:01:48"
"1020750066";"2017-10-24 16:02:05"
"1020750067";"2017-10-24 16:01:45"
"1020750068";"2017-10-24 16:02:25"
"1020750069";"2017-10-24 16:01:47"
"1020750070";"2017-10-24 16:01:50"
"1020750071";"2017-10-24 16:01:28"
"1020750072";"2017-10-31 16:02:18"
"1020750073";"2017-11-03 14:33:58"
"1020750074";"2017-10-24 16:02:12"
"1020750075";"2017-10-24 16:01:48"
"1020750076";"2017-10-24 16:01:53"
"1020750077";"2017-10-24 16:01:53"
"1020750078";"2017-10-24 16:01:29"
"1020750079";"2017-10-24 16:01:38"
"1020750080";"2017-10-26 18:09:16"
"1020750081";"2017-10-26 17:52:42"
"1020750082";"2017-10-26 17:22:55"
"1020750083";"2017-10-26 16:55:11"
"1020750084";"2017-10-26 16:47:30"
"1020750085";"2017-10-26 16:57:56"
"1020750086";"2017-10-27 13:51:40"
"1020750087";"2017-11-03 10:21:20"
"1020750088";"2017-11-01 10:26:21"
"1020750089";"2017-11-01 18:01:27"
"1020750090";"2017-11-03 09:50:42"
"1020750091";"2017-11-01 18:36:00"
"1020750092";"2017-11-01 15:53:04"
"1020750093";"2017-11-03 09:56:40"
"1020750094";"2017-11-01 16:42:49"
"1020750095";"2017-11-01 17:40:33"
"1020750096";"2017-11-01 18:22:22"
"1020750097";"2017-11-01 17:26:23"
"1020750098";"2017-11-01 18:17:19"
"1020750099";"2017-11-01 18:28:25"
"1020750100";"2017-11-03 09:47:34"
"1020750101";"2017-11-01 18:05:33"
"1020750102";"2017-11-03 09:33:06"
"1020750103";"2017-11-03 09:27:24"
"1020750104";"2017-11-03 10:51:08"
"1020750105";"2017-11-03 13:16:21"
"1020750106";"2017-11-03 14:46:38"
"1020750107";"2017-11-03 14:50:54"
"1020750108";"2017-11-03 15:00:43"
"1020750109";"2017-11-03 15:02:58"
"1020750110";"2017-11-03 15:31:06"
"1020750111";"2017-11-03 15:46:11"
"1020750112";"2017-11-03 18:37:21"
"1020750113";"2017-11-03 18:45:01"
